Naturaleza,Vida nocturna,Comida,Shopping,Música
Historia,Vida nocturna,Comida,Shopping,Música
Naturaleza,Comida,Aviones
Naturaleza,Arte,Comida,Música
Naturaleza,Arte,Comida,Shopping,Música
Naturaleza,Historia,Arte,Vida nocturna,Comida,Shopping,Música,deportes extremos
Naturaleza,Arte,Comida,Música
Naturaleza,Arte,Vida nocturna,Comida,Shopping,Música
Naturaleza,Vida nocturna,Comida,Shopping,Música
Naturaleza
Naturaleza,Arte,Vida nocturna,Comida,Shopping
Naturaleza,Historia,Arte,Comida,Música
Shopping
Naturaleza,Historia,Comida,Música
Naturaleza,Historia,Música
Naturaleza,Comida,Música
Naturaleza,Historia,Arte,Comida,Shopping,Música
Shopping
Naturaleza,Arte,Comida,Música
Naturaleza,Vida nocturna,Música
Naturaleza,Arte,Comida,Shopping,Música
Naturaleza,Arte,Vida nocturna,Comida
Naturaleza,Arte,Comida,Música
Historia
Naturaleza,Historia,Arte,Vida nocturna
Naturaleza,Historia
Naturaleza,Arte,Música
Vida nocturna,Comida,Música
Naturaleza,Historia,Arte,Comida,Música
Naturaleza,Historia,Arte,Vida nocturna,Comida,Shopping,Música
Historia,Vida nocturna,Comida
Naturaleza,Historia,Arte,Comida,Música
Naturaleza,Arte,Comida,Música
Naturaleza
Naturaleza,Comida,Shopping,Música
Naturaleza,Arte,Vida nocturna,Música
Naturaleza,Arte,Comida,Shopping,Música,recreación
Naturaleza
Historia,Arte,Comida,Shopping
Naturaleza,Historia,Arte,Comida,Música
Naturaleza,Arte,Comida,Shopping,Música
Naturaleza,Arte,Vida nocturna,Comida,Música
Historia,Arte,Comida,Shopping
Naturaleza,Vida nocturna,Comida,Shopping,Música
Naturaleza,Comida,Shopping,Música
Naturaleza,Historia,Comida
Naturaleza,Arte,Vida nocturna,Comida,Música
Arte,Comida,Shopping,Música
Naturaleza,Historia,Arte,Vida nocturna,Comida,Shopping,Música
Naturaleza,Historia,Arte,Vida nocturna,Comida,Shopping,Música
Naturaleza,Historia,Arte,Vida nocturna,Comida,Shopping,Música
Naturaleza,Comida,Música
Naturaleza,Arte,Comida,Música
Naturaleza,Arte,Vida nocturna,Comida,Shopping
Naturaleza,Historia,Comida
Historia,Arte,Vida nocturna,Comida,Shopping,Música
Naturaleza,Historia,Arte,Comida,Música
Naturaleza,Comida,Shopping,Música
Comida
Naturaleza,Shopping,Música
Naturaleza,Historia,Vida nocturna,Comida,Shopping
Naturaleza,Historia,Arte,Comida,Música,deportes
